model,image_index,IoU,Dice,Boundary_F1
Model A (Baseline U-Net),0,0.8012699852590996,0.8896708886258907,0.7117937645994705
Model A (Baseline U-Net),1,0.9377405124675406,0.967869540647453,0.8903082896786534
Model A (Baseline U-Net),2,0.9167349346266016,0.9565581617999043,0.9112279875300401
Model A (Baseline U-Net),3,0.9188323132630499,0.9576987307949232,0.9048585676175144
Model A (Baseline U-Net),4,0.9231838072129244,0.9600573690056399,0.8583858475377549
Model A (Baseline U-Net),5,0.9045809005055057,0.9498996965176688,0.831304849838365
Model A (Baseline U-Net),6,0.9451523632326959,0.9718026830856289,0.8555417048784422
Model A (Baseline U-Net),7,0.9555439784666145,0.9772665043550333,0.9033526127902709
Model A (Baseline U-Net),8,0.9648346623993115,0.9821025254944904,0.886119101421344
Model A (Baseline U-Net),9,0.9701131367903612,0.9848297771089761,0.9204562239619178
Model A (Baseline U-Net),10,0.9722150090885484,0.9859116957377707,0.9304751791702318
Model A (Baseline U-Net),11,0.9667770838989954,0.9831078469269424,0.8460055296665909
Model A (Baseline U-Net),12,0.9732369582854795,0.986436912955952,0.9004258950319582
Model A (Baseline U-Net),13,0.9703309692671395,0.9849420328255686,0.8798459323106721
Model A (Baseline U-Net),14,0.9781587519286816,0.9889587513162399,0.8940312203105636
Model A (Baseline U-Net),15,0.9795068282747337,0.989647291006005,0.9089326913210878
Model A (Baseline U-Net),16,0.985281526481021,0.992586172904413,0.9363057498284305
Model A (Baseline U-Net),17,0.9858481527352604,0.9928736340935889,0.7283388266561177
Model A (Baseline U-Net),18,1.0,1.0,1.0
Model A (Baseline U-Net),19,1.0,1.0,1.0
Model A (Baseline U-Net),20,0.9221243365915548,0.9594844603661088,0.5341584552662657
Model A (Baseline U-Net),21,0.9133552692680209,0.9547156596930886,0.5458868393979391
Model A (Baseline U-Net),22,1.0,1.0,1.0
Model A (Baseline U-Net),23,0.9336667741475888,0.9656954941888648,0.5748644697649186
Model A (Baseline U-Net),24,0.9535210438824897,0.9762075093754236,0.6610383672820251
Model A (Baseline U-Net),25,1.0,1.0,1.0
Model A (Baseline U-Net),26,0.9043435099234719,0.9497691137625315,0.6314241727807633
Model A (Baseline U-Net),27,0.8599238548073114,0.9246868125506542,0.7198382649927254
Model A (Baseline U-Net),28,0.9488995215311005,0.9737789708000524,0.9955689716180754
Model A (Baseline U-Net),29,0.9408715568681816,0.9695341614906833,0.9787629645416689
Model A (Baseline U-Net),30,0.8700241164736356,0.9304945229907018,0.7308769645350061
Model A (Baseline U-Net),31,1.0,1.0,1.0
Model A (Baseline U-Net),32,0.7923861456124407,0.8841624880274945,0.7871236981707274
Model A (Baseline U-Net),33,0.40175423510190045,0.5732098216339739,0.3153288771163311
Model A (Baseline U-Net),34,0.8176442344140912,0.8996732707681613,0.803427139741997
Model A (Baseline U-Net),35,0.7276399692852135,0.8423483486965428,0.7326190933572881
Model A (Baseline U-Net),36,0.8336968583782957,0.9093062323271319,0.6301793035640982
Model A (Baseline U-Net),37,0.806704948488431,0.8930107191823508,0.7653837476866541
Model A (Baseline U-Net),38,0.9023788665004381,0.9486843410369404,0.6905145125493718
Model A (Baseline U-Net),39,0.9258593484730461,0.96150216239201,0.8881015431565509
Model A (Baseline U-Net),40,0.9340780998389694,0.9659152408309396,0.8927922577629258
Model A (Baseline U-Net),41,0.9466877804169965,0.9726135972551023,0.9241408150545447
Model A (Baseline U-Net),42,0.9391001739995029,0.9685934040321641,0.9037589389585917
Model A (Baseline U-Net),43,0.9613082561814881,0.980272256574962,0.9600525589531851
Model A (Baseline U-Net),44,0.961312682768331,0.9802745656759771,0.9570215616446311
Model A (Baseline U-Net),45,0.9730885937422276,0.9863605995285457,0.9563312838161313
Model A (Baseline U-Net),46,0.9714403973509934,0.985513141837364,0.9572858324686514
Model A (Baseline U-Net),47,0.953604568165596,0.9762509757029213,0.9693396618426628
Model A (Baseline U-Net),48,0.9591821725380598,0.9791656239051003,0.9665963534516253
Model A (Baseline U-Net),49,0.9517358406587293,0.9752708095781072,0.9414123850069436
Model A (Baseline U-Net),50,0.9679801010739103,0.9837293984291146,0.9785326050588948
Model A (Baseline U-Net),51,0.8826199740596627,0.9376471263707872,0.9458615861457191
Model A (Baseline U-Net),52,0.9276432368576492,0.9624621748956219,0.9074800959298226
Model A (Baseline U-Net),53,0.00036859565057132326,0.00036859565057132326,0.0
Model A (Baseline U-Net),54,0.0029498525073746312,0.0029498525073746312,0.0
Model A (Baseline U-Net),55,0.9613519318260548,0.9802950734740015,0.9283416024822844
Model A (Baseline U-Net),56,0.978720597353597,0.9892458063311732,0.9425280947038036
Model A (Baseline U-Net),57,1.0,1.0,1.0
Model A (Baseline U-Net),58,1.0,1.0,1.0
Model A (Baseline U-Net),59,1.0,1.0,1.0
Model A (Baseline U-Net),60,1.0,1.0,1.0
Model A (Baseline U-Net),61,1.0,1.0,1.0
Model A (Baseline U-Net),62,1.0,1.0,1.0
Model A (Baseline U-Net),63,1.0,1.0,1.0
Model A (Baseline U-Net),64,1.0,1.0,1.0
Model A (Baseline U-Net),65,1.0,1.0,1.0
Model A (Baseline U-Net),66,1.0,1.0,1.0
Model A (Baseline U-Net),67,1.0,1.0,1.0
Model A (Baseline U-Net),68,1.0,1.0,1.0
Model A (Baseline U-Net),69,0.0016366612111292963,0.0016366612111292963,0.0
Model A (Baseline U-Net),70,1.0,1.0,1.0
Model A (Baseline U-Net),71,1.0,1.0,1.0
Model A (Baseline U-Net),72,1.0,1.0,1.0
Model A (Baseline U-Net),73,1.0,1.0,1.0
Model A (Baseline U-Net),74,1.0,1.0,1.0
Model A (Baseline U-Net),75,0.0010030090270812437,0.0010030090270812437,0.0
Model A (Baseline U-Net),76,1.0,1.0,1.0
Model A (Baseline U-Net),77,1.0,1.0,1.0
Model A (Baseline U-Net),78,1.0,1.0,1.0
Model A (Baseline U-Net),79,1.0,1.0,1.0
Model A (Baseline U-Net),80,1.0,1.0,1.0
Model A (Baseline U-Net),81,1.0,1.0,1.0
Model A (Baseline U-Net),82,1.0,1.0,1.0
Model A (Baseline U-Net),83,1.0,1.0,1.0
Model A (Baseline U-Net),84,1.0,1.0,1.0
Model A (Baseline U-Net),85,1.0,1.0,1.0
Model A (Baseline U-Net),86,1.0,1.0,1.0
Model A (Baseline U-Net),87,1.0,1.0,1.0
Model A (Baseline U-Net),88,1.0,1.0,1.0
Model A (Baseline U-Net),89,1.0,1.0,1.0
Model A (Baseline U-Net),90,1.0,1.0,1.0
Model A (Baseline U-Net),91,0.84219958331862,0.9143408921006728,0.5805887100832792
Model A (Baseline U-Net),92,0.8459619391095783,0.9165536471324652,0.5569808841402384
Model A (Baseline U-Net),93,0.8450489236790607,0.9160174583560932,0.5476239829230242
Model A (Baseline U-Net),94,0.9244545791480567,0.9607443749163541,0.594031983959467
Model A (Baseline U-Net),95,0.9165267724775442,0.9564454480303047,0.5460985720199798
Model A (Baseline U-Net),96,1.0,1.0,1.0
Model A (Baseline U-Net),97,0.9941478748850748,0.9970653448602403,0.08928456079936338
Model A (Baseline U-Net),98,0.982779180276219,0.9913147895978615,0.43859298837993854
Model A (Baseline U-Net),99,0.9948839640313295,0.9974354168738477,0.13572251267245933
Model A (Baseline U-Net),100,0.9833624550774842,0.9916114289231621,0.08817273980004123
Model A (Baseline U-Net),101,1.0,1.0,1.0
Model A (Baseline U-Net),102,0.8032924714554885,0.8909171138243535,0.22985084527599642
Model A (Baseline U-Net),103,0.9763968919611391,0.9880574428006011,0.5925794105046642
Model A (Baseline U-Net),104,0.9779154869384048,0.9888343902939684,0.7824752702721487
Model A (Baseline U-Net),105,0.9743655390917528,0.9870162850257729,0.786016531702921
Model A (Baseline U-Net),106,0.8972103252691284,0.9458200713857168,0.7395998192605652
Model A (Baseline U-Net),107,0.9018042471658949,0.948366906183233,0.47691523906199257
Model A (Baseline U-Net),108,0.9921545597606911,0.9960618224780119,0.6783360095405969
Model A (Baseline U-Net),109,0.9908733218829963,0.9954157313262028,0.5939354340916049
Model A (Baseline U-Net),110,0.9936196412155153,0.996799604022388,0.59469245738968
Model A (Baseline U-Net),111,0.99140888575975,0.9956859026497672,0.7787423906335899
Model A (Baseline U-Net),112,0.9709083728927904,0.9852394519061186,0.6216106257142949
Model A (Baseline U-Net),113,0.978176285728538,0.988967737461571,0.6777300219523713
Model A (Baseline U-Net),114,0.9853870951619352,0.9926397472528856,0.7022734607289827
Model A (Baseline U-Net),115,0.984560882063753,0.9922203564188679,0.6704525644369714
Model A (Baseline U-Net),116,0.9895107152078492,0.9947276777989271,0.8375259187823584
Model A (Baseline U-Net),117,0.9440777044297748,0.9712342079689018,0.7715506274049551
Model A (Baseline U-Net),118,0.7443184355047551,0.8534184861903908,0.5150331143220885
Model A (Baseline U-Net),119,0.9670851020361837,0.9832669782470718,0.7455165049591067
Model A (Baseline U-Net),120,0.9710584463411464,0.985316637480675,0.7988888950760196
Model A (Baseline U-Net),121,0.9683837748421519,0.983937882096716,0.7284540870470793
Model A (Baseline U-Net),122,0.9511025673378807,0.9749384683858745,0.6415875311187871
Model A (Baseline U-Net),123,0.921124467555069,0.9589428889741202,0.5775738214812883
Model A (Baseline U-Net),124,0.9119826094671931,0.9539652286325141,0.42532792939305136
Model A (Baseline U-Net),125,0.987351714425004,0.9936355905408794,0.7123768809397444
Model A (Baseline U-Net),126,0.0005861664712778429,0.0005861664712778429,0.0
Model A (Baseline U-Net),127,0.9875098038393303,0.993715642310736,0.5021426247855333
Model A (Baseline U-Net),128,0.9893605972836058,0.9946518377298733,0.529824404356644
Model A (Baseline U-Net),129,0.9892718435489901,0.9946069829214733,0.12226203092600481
Model A (Baseline U-Net),130,0.9932361805211155,0.9966066076411617,0.06897342053539808
Model A (Baseline U-Net),131,0.9942279667030359,0.9971056246150078,0.10363268074094836
Model A (Baseline U-Net),132,0.9925107207715903,0.9962412781569051,0.12335842568308314
Model A (Baseline U-Net),133,0.9930794791678589,0.9965277179603501,0.09880010120287093
Model A (Baseline U-Net),134,0.9857231698988566,0.9928102477985947,0.11002854045578944
Model A (Baseline U-Net),135,0.9937166183427438,0.9968484018125038,0.09727866503432489
Model A (Baseline U-Net),136,0.9911866708889253,0.9955738223205818,0.12332396907683571
Model A (Baseline U-Net),137,0.9818393391961237,0.9908364440012398,0.10247634564029054
Model A (Baseline U-Net),138,0.9952041074311052,0.9975962850614868,0.7560205218741584
Model A (Baseline U-Net),139,0.8379975656127715,0.9118590357555292,0.6408382285189
Model A (Baseline U-Net),140,0.9000818716351998,0.9474136400196379,0.6014222489681851
Model A (Baseline U-Net),141,0.9794718267972561,0.9896294485999656,0.5886879309669113
Model A (Baseline U-Net),142,1.0,1.0,1.0
Model A (Baseline U-Net),143,0.8708713196831565,0.930979045070324,0.5085825931399304
Model A (Baseline U-Net),144,0.8816482808294477,0.9371017865147601,0.549043154347875
Model A (Baseline U-Net),145,0.8097836862041259,0.8948949468391799,0.48397333830915756
Model A (Baseline U-Net),146,0.9059612096545792,0.9506604292790314,0.6758380888581306
Model A (Baseline U-Net),147,0.8923371688983666,0.9431055687441009,0.6536576561830355
Model A (Baseline U-Net),148,0.9138208998974058,0.9549697884039547,0.7231651891806002
Model A (Baseline U-Net),149,0.9565484262365285,0.9777915587494984,0.8821887685204493
Model A (Baseline U-Net),150,0.9441710286754665,0.9712837096325778,0.8278390804791564
Model A (Baseline U-Net),151,0.8979436303347952,0.9462275449101797,0.7358939458533996
Model A (Baseline U-Net),152,0.6722182644357587,0.8039816232771823,0.4718205484507062
Model A (Baseline U-Net),153,0.6488748484077196,0.7870497325863306,0.5038403916725055
Model A (Baseline U-Net),154,0.8247244219825699,0.9039430353521034,0.6332368087816391
Model A (Baseline U-Net),155,0.8771276038940647,0.9345416016060674,0.782174132348917
Model A (Baseline U-Net),156,0.8770310614800658,0.9344872239999249,0.5026333113314772
Model A (Baseline U-Net),157,0.9672928413008043,0.9833744595114663,0.7923956815241516
Model A (Baseline U-Net),158,0.9402882886172553,0.9692251957241794,0.6929594199984824
Model A (Baseline U-Net),159,0.9515951190826227,0.9751971562419077,0.757835449299237
Model A (Baseline U-Net),160,0.9764740889521206,0.9880969743732092,0.8666124457309357
Model A (Baseline U-Net),161,0.9779244403411428,0.9888389762360313,0.8938278185835795
Model A (Baseline U-Net),162,1.0,1.0,1.0
Model A (Baseline U-Net),163,0.9687763210508853,0.9841404970463297,0.7839545947777001
Model A (Baseline U-Net),164,0.9719028939508684,0.9857512114922391,0.7982036283284328
Model A (Baseline U-Net),165,0.962132464638963,0.9807007432385934,0.7894365864469672
Model A (Baseline U-Net),166,0.9773775442012425,0.9885593167300174,0.8642073523322013
Model A (Baseline U-Net),167,1.0,1.0,1.0
Model A (Baseline U-Net),168,0.9571055311288807,0.9780826116943827,0.6919558337545277
Model A (Baseline U-Net),169,1.0,1.0,1.0
Model A (Baseline U-Net),170,0.9782736472371133,0.9890174796762519,0.7000669697309794
Model A (Baseline U-Net),171,0.9766947155839785,0.9882099326719725,0.7054169171541709
Model A (Baseline U-Net),172,0.9857417400280297,0.9928196502379363,0.8747215176316454
Model A (Baseline U-Net),173,1.0,1.0,1.0
Model A (Baseline U-Net),174,0.9585304421203366,0.9788261176101942,0.4903153411533018
Model A (Baseline U-Net),175,0.9692902890210995,0.9844056447405783,0.6255121451812466
Model A (Baseline U-Net),176,0.9891852253133113,0.9945631957913755,0.8024692187952754
Model A (Baseline U-Net),177,0.9914660164583968,0.9957147133426811,0.5907981530625421
Model A (Baseline U-Net),178,0.9470741113346747,0.972817615803932,0.7162016957529791
Model A (Baseline U-Net),179,0.9446332460690418,0.9715283149026904,0.6463009711644105
Model A (Baseline U-Net),180,0.9271220143264416,0.9621828368259441,0.5280675922252307
Model A (Baseline U-Net),181,0.9378758000905153,0.967941981116338,0.6060502858366387
Model A (Baseline U-Net),182,0.9284273563074614,0.9628853357549418,0.5919886309368273
Model A (Baseline U-Net),183,0.9282043602314107,0.9627653921304131,0.5816671980889652
Model A (Baseline U-Net),184,0.9386696711872551,0.9683645998034272,0.6360123501185209
Model A (Baseline U-Net),185,1.0,1.0,1.0
Model A (Baseline U-Net),186,0.9171014589079791,0.9567582091363342,0.6592194009624943
Model A (Baseline U-Net),187,0.821688962844569,0.9021171493302405,0.4371567558915958
Model A (Baseline U-Net),188,0.912352444692764,0.9541673918989482,0.6676296812034614
Model A (Baseline U-Net),189,0.9425390670142143,0.9704194814981293,0.8411036965035409
Model A (Baseline U-Net),190,1.0,1.0,1.0
Model A (Baseline U-Net),191,0.902689732804076,0.9488556749182625,0.8566159249726409
Model A (Baseline U-Net),192,0.8922184475354143,0.9430386178861788,0.8429697415858244
Model A (Baseline U-Net),193,0.8497002081456398,0.9187423369556089,0.8090697773318567
Model A (Baseline U-Net),194,0.83810888252149,0.9119236830065913,0.7697977961344743
Model A (Baseline U-Net),195,0.8802173135105241,0.9362920667877844,0.8295957424343704
Model A (Baseline U-Net),196,0.8855710198964997,0.9393123199399942,0.8324464789683186
Model A (Baseline U-Net),197,0.8685465853511262,0.9296482412060302,0.8206665359766014
Model A (Baseline U-Net),198,0.8358489537925021,0.9105844290760143,0.737294551314893
Model A (Baseline U-Net),199,0.9772978304760829,0.9885185589349463,0.6003254598738921
Model A (Baseline U-Net),200,0.9722030254165707,0.9859055855930685,0.4177935772943761
Model A (Baseline U-Net),201,0.9410831394118891,0.969647369398316,0.3901335438270692
Model A (Baseline U-Net),202,0.7635293861747945,0.8659097636785239,0.6170626904254727
Model A (Baseline U-Net),203,0.7271047841560488,0.8419901843578934,0.6346363696331426
Model A (Baseline U-Net),204,0.4904721744793057,0.6581409007563603,0.46836885996843103
Model A (Baseline U-Net),205,0.9653287747092674,0.9823584541595457,0.8534812793594951
Model A (Baseline U-Net),206,0.7582751221293886,0.8625206920055828,0.6004971020903049
Model A (Baseline U-Net),207,0.7438210497331742,0.853092221512087,0.6282565689608985
Model A (Baseline U-Net),208,1.0,1.0,1.0
Model A (Baseline U-Net),209,0.7224517697098587,0.8388630190143578,0.6683022455333797
Model A (Baseline U-Net),210,0.7865116098168099,0.8804985576661405,0.7554177417372162
Model A (Baseline U-Net),211,0.7085675812152836,0.8294271218166592,0.6019950769601068
Model A (Baseline U-Net),212,0.9860341314872828,0.9929679420889348,0.6695042600757822
Model A (Baseline U-Net),213,0.9750848025818621,0.9873852155301374,0.6467182829638886
Model A (Baseline U-Net),214,0.9834540938383526,0.9916580101569714,0.6802418311393389
Model A (Baseline U-Net),215,0.655749167728921,0.7920867933836115,0.420778727689826
Model A (Baseline U-Net),216,0.8243683441219462,0.9037296050636099,0.5360586766835267
Model A (Baseline U-Net),217,0.8636022514071294,0.9268090981655532,0.7343313952310105
Model A (Baseline U-Net),218,0.7978597456910469,0.8875652099546737,0.6637458676322374
Model A (Baseline U-Net),219,0.8881437198434133,0.9407581224535716,0.8076981595554499
Model A (Baseline U-Net),220,0.694813433406197,0.8199274839454506,0.6686697462604866
Model A (Baseline U-Net),221,0.9211089957163255,0.9589342307652603,0.818020673234871
Model A (Baseline U-Net),222,0.9552590527398852,0.9771174428572641,0.8910134377620966
Model A (Baseline U-Net),223,0.9542833028555352,0.9766067559688761,0.8271970449470459
Model A (Baseline U-Net),224,0.970959061291953,0.9852654778323757,0.9413099600667387
Model A (Baseline U-Net),225,0.9731446175601626,0.9863894647930584,0.9258375878763836
Model A (Baseline U-Net),226,0.9740169734698344,0.9868374046835926,0.9341340546516688
Model A (Baseline U-Net),227,0.9829367188884373,0.9913948989675981,0.9523765939086142
Model A (Baseline U-Net),228,0.9778957588778483,0.9888243066108926,0.9264610126536715
Model A (Baseline U-Net),229,0.9757216267212654,0.9877115802735049,0.9072593597617512
Model A (Baseline U-Net),230,0.9849811388719344,0.9924337130759149,0.9105566014778688
Model A (Baseline U-Net),231,0.9760717045899369,0.9878909166637038,0.8633688186617064
Model A (Baseline U-Net),232,0.9795761271618515,0.9896826519069166,0.8749183765686486
Model A (Baseline U-Net),233,0.9836324551317303,0.9917486592201299,0.8935893977040279
Model A (Baseline U-Net),234,0.9697195018148732,0.9846269234972135,0.8239245701215545
Model A (Baseline U-Net),235,0.9663598071168544,0.9828920649229174,0.8045514038458066
Model A (Baseline U-Net),236,0.9822004694601209,0.9910202724153049,0.9422555117460242
Model A (Baseline U-Net),237,0.977536981798259,0.9886408529108456,0.9171970088758216
Model A (Baseline U-Net),238,0.9773963446368619,0.9885689219177375,0.916482052537806
Model A (Baseline U-Net),239,0.9753274717387403,0.9875095807193346,0.8920793802876275
Model A (Baseline U-Net),240,0.9671979507613491,0.9833253959163497,0.8153413732718773
Model A (Baseline U-Net),241,0.9816959070959548,0.9907633670789006,0.9330559846522434
Model A (Baseline U-Net),242,0.974317020647722,0.9869913917553333,0.8828985775459813
Model A (Baseline U-Net),243,0.9778908437033859,0.9888217944015992,0.8934528146934813
Model A (Baseline U-Net),244,0.9781778505182761,0.9889685050820092,0.8979140852754876
Model A (Baseline U-Net),245,0.986173439608072,0.9930385601140809,0.9018855652276216
Model A (Baseline U-Net),246,0.27868543356842923,0.43589140675439786,0.23442456777409926
Model A (Baseline U-Net),247,0.027777777777777776,0.027777777777777776,0.0
Model A (Baseline U-Net),248,0.5250618125496618,0.6885769221614216,0.13568091428141835
Model A (Baseline U-Net),249,0.9536738940623041,0.9762876510323456,0.25535235546055085
Model A (Baseline U-Net),250,0.9453750548884094,0.9719205547584512,0.2677961526097474
Model A (Baseline U-Net),251,0.0001330671989354624,0.0001330671989354624,0.00036717437144282946
Model A (Baseline U-Net),252,0.0003301419610432486,0.0003301419610432486,0.0
Model A (Baseline U-Net),253,0.7790417097552568,0.8757952527046665,0.7281331810450765
Model B (Attention U-Net),0,0.7518713204373423,0.8583619385967018,0.6964498668389681
Model B (Attention U-Net),1,0.9304613085973977,0.9639776190399406,0.8768795046870537
Model B (Attention U-Net),2,0.9140883344792587,0.9551153760626743,0.9085596031700552
Model B (Attention U-Net),3,0.9122700367941129,0.9541218398112671,0.9105307512782752
Model B (Attention U-Net),4,0.9211426231186649,0.9589524398303098,0.8494136103550561
Model B (Attention U-Net),5,0.898923304985566,0.9467710291413721,0.8170773362919642
Model B (Attention U-Net),6,0.9533092696891433,0.976096410877288,0.8904607616766874
Model B (Attention U-Net),7,0.9514193863199288,0.9751048025299699,0.8908252521163129
Model B (Attention U-Net),8,0.9609155258141487,0.9800681164641981,0.8654456766176659
Model B (Attention U-Net),9,0.9695951050007554,0.9845627716696497,0.9258086940307121
Model B (Attention U-Net),10,0.9714731501160977,0.9855300957805461,0.933117297627767
Model B (Attention U-Net),11,0.9676420263801954,0.9835548584165772,0.8574188968186914
Model B (Attention U-Net),12,0.9738225940192919,0.9867376403209768,0.9080321616493923
Model B (Attention U-Net),13,0.9684522466121736,0.9839732405459567,0.8663383075261268
Model B (Attention U-Net),14,0.9784944395455751,0.9891302936811178,0.88308031718214
Model B (Attention U-Net),15,0.9809605546019631,0.9903887407357556,0.9084912404460959
Model B (Attention U-Net),16,0.984481637959051,0.9921801112798824,0.9228341062315008
Model B (Attention U-Net),17,0.9864280213753996,0.9931676303565848,0.5319466686256026
Model B (Attention U-Net),18,0.05555555555555555,0.05555555555555555,0.0
Model B (Attention U-Net),19,1.0,1.0,1.0
Model B (Attention U-Net),20,0.8546751885660293,0.9216438340121156,0.38975225829837945
Model B (Attention U-Net),21,0.8323836172474045,0.9085251961227659,0.3236988117622315
Model B (Attention U-Net),22,1.0,1.0,1.0
Model B (Attention U-Net),23,0.9472077174971236,0.9728881094777988,0.6158727438993139
Model B (Attention U-Net),24,0.9555787861833387,0.9772847908988582,0.6660481231436802
Model B (Attention U-Net),25,1.0,1.0,1.0
Model B (Attention U-Net),26,0.9301231734838872,0.9637965583896634,0.701314636534738
Model B (Attention U-Net),27,0.8640119565030664,0.9270451728253406,0.7104758839534896
Model B (Attention U-Net),28,0.9421976344906524,0.9702377054547836,0.9895124571558598
Model B (Attention U-Net),29,0.9374432815052333,0.9677107079286763,0.9758109283282378
Model B (Attention U-Net),30,0.8850245257372495,0.9390053689697064,0.7170441449049991
Model B (Attention U-Net),31,1.0,1.0,1.0
Model B (Attention U-Net),32,0.8163771712158809,0.89890134912051,0.8038245381002886
Model B (Attention U-Net),33,0.4361966183677366,0.6074272124318655,0.3691892495505688
Model B (Attention U-Net),34,0.8119822161755059,0.896235016491915,0.7919973782671333
Model B (Attention U-Net),35,0.738035340829873,0.8492727843465523,0.7447295617834566
Model B (Attention U-Net),36,0.8195303540205682,0.9008142346401041,0.5702603276031201
Model B (Attention U-Net),37,0.8295774239392094,0.9068499231147256,0.7785573363261561
Model B (Attention U-Net),38,0.9044279946164199,0.9498155450960437,0.6541089618713783
Model B (Attention U-Net),39,0.9306972447586151,0.9641044310380695,0.9010816415712207
Model B (Attention U-Net),40,0.9387418218419729,0.9684027994102132,0.9053973234257894
Model B (Attention U-Net),41,0.9461371606965476,0.9723229166666667,0.9262506649868567
Model B (Attention U-Net),42,0.9453473191374421,0.9719056269743008,0.9148672693954459
Model B (Attention U-Net),43,0.9643415353012103,0.9818469093141156,0.9620796530913255
Model B (Attention U-Net),44,0.9651027279005525,0.9822413073560744,0.9672174314309049
Model B (Attention U-Net),45,0.9691632129465166,0.9843399606619812,0.947066268840506
Model B (Attention U-Net),46,0.9626784033378278,0.980984108054857,0.9453914985124403
Model B (Attention U-Net),47,0.9520404547943441,0.9754306646425979,0.9667269324649195
Model B (Attention U-Net),48,0.9493981704381319,0.9740420119293133,0.9485890489265538
Model B (Attention U-Net),49,0.9545000277608129,0.9767200727231408,0.9404372577832417
Model B (Attention U-Net),50,0.9722363828869456,0.9859226341376122,0.9803105798473961
Model B (Attention U-Net),51,0.935954415954416,0.9669158768470006,0.9728712248116541
Model B (Attention U-Net),52,0.9543136111920723,0.9766219239373601,0.9280930677855215
Model B (Attention U-Net),53,0.0004873294346978557,0.0004873294346978557,0.0
Model B (Attention U-Net),54,1.0,1.0,1.0
Model B (Attention U-Net),55,0.9286909943086709,0.9630270309095698,0.8174338390644204
Model B (Attention U-Net),56,0.9782990814775656,0.9890304435254899,0.9371860651327523
Model B (Attention U-Net),57,1.0,1.0,1.0
Model B (Attention U-Net),58,1.0,1.0,1.0
Model B (Attention U-Net),59,1.0,1.0,1.0
Model B (Attention U-Net),60,1.0,1.0,1.0
Model B (Attention U-Net),61,1.0,1.0,1.0
Model B (Attention U-Net),62,1.0,1.0,1.0
Model B (Attention U-Net),63,1.0,1.0,1.0
Model B (Attention U-Net),64,1.0,1.0,1.0
Model B (Attention U-Net),65,1.0,1.0,1.0
Model B (Attention U-Net),66,1.0,1.0,1.0
Model B (Attention U-Net),67,1.0,1.0,1.0
Model B (Attention U-Net),68,1.0,1.0,1.0
Model B (Attention U-Net),69,1.0,1.0,1.0
Model B (Attention U-Net),70,1.0,1.0,1.0
Model B (Attention U-Net),71,1.0,1.0,1.0
Model B (Attention U-Net),72,1.0,1.0,1.0
Model B (Attention U-Net),73,1.0,1.0,1.0
Model B (Attention U-Net),74,1.0,1.0,1.0
Model B (Attention U-Net),75,1.0,1.0,1.0
Model B (Attention U-Net),76,1.0,1.0,1.0
Model B (Attention U-Net),77,1.0,1.0,1.0
Model B (Attention U-Net),78,1.0,1.0,1.0
Model B (Attention U-Net),79,1.0,1.0,1.0
Model B (Attention U-Net),80,1.0,1.0,1.0
Model B (Attention U-Net),81,1.0,1.0,1.0
Model B (Attention U-Net),82,1.0,1.0,1.0
Model B (Attention U-Net),83,1.0,1.0,1.0
Model B (Attention U-Net),84,1.0,1.0,1.0
Model B (Attention U-Net),85,1.0,1.0,1.0
Model B (Attention U-Net),86,1.0,1.0,1.0
Model B (Attention U-Net),87,1.0,1.0,1.0
Model B (Attention U-Net),88,1.0,1.0,1.0
Model B (Attention U-Net),89,1.0,1.0,1.0
Model B (Attention U-Net),90,1.0,1.0,1.0
Model B (Attention U-Net),91,0.8132461602664288,0.8970053340794426,0.49481801291554045
Model B (Attention U-Net),92,0.782867405060852,0.8782110587523237,0.4579384277703554
Model B (Attention U-Net),93,0.8721304972978333,0.931698041251311,0.5069429575476069
Model B (Attention U-Net),94,0.9119631751026328,0.9539546006827255,0.5173609468411967
Model B (Attention U-Net),95,0.9201135896573628,0.9583948403597292,0.5102688462550818
Model B (Attention U-Net),96,1.0,1.0,1.0
Model B (Attention U-Net),97,0.9941519129310246,0.9970673757508512,0.07486518740625801
Model B (Attention U-Net),98,0.9817898603265156,0.9908112476279309,0.411389640049232
Model B (Attention U-Net),99,0.9948575330655283,0.9974221333185443,0.11710882553708085
Model B (Attention U-Net),100,0.983287046220988,0.9915730877391408,0.07438062211018366
Model B (Attention U-Net),101,1.0,1.0,1.0
Model B (Attention U-Net),102,0.8135878805437592,0.8972131953874158,0.0879283481609483
Model B (Attention U-Net),103,0.9748904405443375,0.9872855262040262,0.5758787883124963
Model B (Attention U-Net),104,0.979247311827957,0.9895148015146494,0.7749368758484584
Model B (Attention U-Net),105,0.9784922014116839,0.989129138246999,0.7716139282805525
Model B (Attention U-Net),106,0.9017812487977532,0.9483538158094371,0.789032080793152
Model B (Attention U-Net),107,0.9022356056393854,0.9486053793750109,0.5141290115380095
Model B (Attention U-Net),108,0.9923562264427794,0.9961634415333346,0.5985650649237523
Model B (Attention U-Net),109,0.9907978818922814,0.9953776631788301,0.5648688936372108
Model B (Attention U-Net),110,0.9937154867759858,0.9968478318280252,0.6055931284917717
Model B (Attention U-Net),111,0.9890929010529733,0.9945165350539881,0.7293800760223363
Model B (Attention U-Net),112,0.987541408908611,0.9937316441474003,0.5743645486928322
Model B (Attention U-Net),113,0.9948575998541398,0.9974221664603292,0.7260350014410492
Model B (Attention U-Net),114,0.952120118169497,0.9754728028385767,0.5174239247635616
Model B (Attention U-Net),115,0.9825952572075891,0.991221199290128,0.6500785769049309
Model B (Attention U-Net),116,0.9878484554945647,0.9938870539823488,0.7953263865791529
Model B (Attention U-Net),117,0.9498980225237208,0.9743050423512023,0.7692072631893698
Model B (Attention U-Net),118,0.7429225367761433,0.8525001912435933,0.4827204373106908
Model B (Attention U-Net),119,0.961172310621515,0.9802015672314556,0.7273041890827867
Model B (Attention U-Net),120,0.9625970967880885,0.9809419992976706,0.8232036077607507
Model B (Attention U-Net),121,0.963117075256886,0.9812119499299349,0.6197293426384027
Model B (Attention U-Net),122,0.9560185355719432,0.9775147171261022,0.5911374005378051
Model B (Attention U-Net),123,0.913979840111227,0.9550567511123218,0.5251902362608363
Model B (Attention U-Net),124,0.900766177998673,0.9477925533666607,0.41343184291984214
Model B (Attention U-Net),125,0.975679139873339,0.9876898398064099,0.6028704689145734
Model B (Attention U-Net),126,0.0005861664712778429,0.0005861664712778429,0.0
Model B (Attention U-Net),127,0.9860421290673814,0.9929720018724459,0.47359239104300815
Model B (Attention U-Net),128,0.9890055395166282,0.9944723724925155,0.45113778122718806
Model B (Attention U-Net),129,0.9892455068803577,0.9945936719687932,0.11354418928243373
Model B (Attention U-Net),130,0.9933813235064107,0.9966796673160613,0.06232918041960243
Model B (Attention U-Net),131,0.9942815942869351,0.9971325931763751,0.09052126491485156
Model B (Attention U-Net),132,0.9924655130318013,0.9962185034847209,0.10523016645928832
Model B (Attention U-Net),133,0.9930645893496812,0.9965202211899006,0.08670111581249404
Model B (Attention U-Net),134,0.9856485066740929,0.9927723759517236,0.08400034651218771
Model B (Attention U-Net),135,0.9937169778930703,0.9968485827232685,0.07628843762602366
Model B (Attention U-Net),136,0.9911304566765726,0.9955454649959765,0.09090404382788438
Model B (Attention U-Net),137,0.981772542078037,0.990802429329047,0.0735309842511628
Model B (Attention U-Net),138,0.9953951641445078,0.9976922642123585,0.7566827123800008
Model B (Attention U-Net),139,0.8555334237095693,0.9221426273005893,0.6092096465480358
Model B (Attention U-Net),140,0.8909385498112198,0.9423240189501929,0.5544072283039526
Model B (Attention U-Net),141,0.991390911969601,0.9956768381885256,0.535694445611665
Model B (Attention U-Net),142,1.0,1.0,1.0
Model B (Attention U-Net),143,0.9264132145218209,0.961800957030306,0.7008061097580077
Model B (Attention U-Net),144,0.9264549116534437,0.9618234259998335,0.6985496142743567
Model B (Attention U-Net),145,0.8555833006583157,0.9221713720103876,0.5897494143828333
Model B (Attention U-Net),146,0.9054800840723842,0.9503954802259887,0.679875793311439
Model B (Attention U-Net),147,0.8809283014850695,0.9366948903126485,0.6028117589256414
Model B (Attention U-Net),148,0.936055177251074,0.966971341449608,0.7720188441803765
Model B (Attention U-Net),149,0.9560180584343678,0.9775143891941326,0.8707387104409855
Model B (Attention U-Net),150,0.8984104395456864,0.9464866623292127,0.698110248893431
Model B (Attention U-Net),151,0.9058821994310916,0.9506168613328586,0.689041765849428
Model B (Attention U-Net),152,0.43441707475729346,0.6057020133309375,0.4039268581643229
Model B (Attention U-Net),153,0.7476893956198335,0.8556306744624862,0.4906305037713963
Model B (Attention U-Net),154,0.7993076257332435,0.8884601406674221,0.561885473404034
Model B (Attention U-Net),155,0.8809802833117457,0.9367239419377404,0.7250232568481804
Model B (Attention U-Net),156,0.8857961450100676,0.9394396936942022,0.4867924636279966
Model B (Attention U-Net),157,0.964769146820158,0.98206862569432,0.7803131861092816
Model B (Attention U-Net),158,0.9279169102108719,0.9626107195664038,0.6031115912735744
Model B (Attention U-Net),159,0.9327012088257763,0.9651787333578248,0.6395742018822722
Model B (Attention U-Net),160,0.9582132434654548,0.9786606747379301,0.7755227739793493
Model B (Attention U-Net),161,0.9668582323791023,0.9831498180088892,0.8290757763496764
Model B (Attention U-Net),162,1.0,1.0,1.0
Model B (Attention U-Net),163,0.9748024553192932,0.9872404185074037,0.8200236131797307
Model B (Attention U-Net),164,0.9653683653498862,0.9823789864177587,0.756881435861921
Model B (Attention U-Net),165,0.968224770064256,0.983855824791103,0.8303382998008396
Model B (Attention U-Net),166,0.9833077560667361,0.9915835991906352,0.9047873832057863
Model B (Attention U-Net),167,1.0,1.0,1.0
Model B (Attention U-Net),168,0.9465563279954536,0.9725443928971365,0.599623592829654
Model B (Attention U-Net),169,1.0,1.0,1.0
Model B (Attention U-Net),170,0.974577523771986,0.9871250601507779,0.6664310064844388
Model B (Attention U-Net),171,0.9738950442786136,0.98677485695669,0.6497842622034258
Model B (Attention U-Net),172,0.9855741922550035,0.9927346615959345,0.8748841686641542
Model B (Attention U-Net),173,1.0,1.0,1.0
Model B (Attention U-Net),174,0.960871927637677,0.9800455096691747,0.5121125292635904
Model B (Attention U-Net),175,0.9697146487236332,0.9846244475233579,0.6241082643535348
Model B (Attention U-Net),176,0.9889123861098484,0.9944252694618713,0.8065223719754161
Model B (Attention U-Net),177,0.991689069202589,0.9958271852815078,0.6035925465627686
Model B (Attention U-Net),178,0.9349891378359976,0.9664023258639253,0.6629968148898163
Model B (Attention U-Net),179,0.9595309061081287,0.9793474746972373,0.6827771849757283
Model B (Attention U-Net),180,0.9308879055813696,0.9642069446152585,0.5256907561653197
Model B (Attention U-Net),181,0.9502858742153453,0.974509208994145,0.6484376114815449
Model B (Attention U-Net),182,0.9511984637273272,0.9749888431991329,0.6730893568993792
Model B (Attention U-Net),183,0.9514131866247945,0.9751016300745154,0.6684775501093478
Model B (Attention U-Net),184,0.9540654394367822,0.9764927246417165,0.6836074560804393
Model B (Attention U-Net),185,1.0,1.0,1.0
Model B (Attention U-Net),186,0.9504939818002339,0.9746186201001136,0.7510118679800627
Model B (Attention U-Net),187,0.7862050186418666,0.8803070013426911,0.3847649200620272
Model B (Attention U-Net),188,0.8183491479166005,0.9001006440052823,0.4885989266249551
Model B (Attention U-Net),189,0.9429770142877243,0.9706515513597851,0.8337091194389186
Model B (Attention U-Net),190,1.0,1.0,1.0
Model B (Attention U-Net),191,0.9007713465678068,0.9477947653202466,0.8550954878790268
Model B (Attention U-Net),192,0.8849915575520086,0.9389862592323424,0.828079494607316
Model B (Attention U-Net),193,0.8417290673927842,0.9140625,0.7988809573532586
Model B (Attention U-Net),194,0.8410018379489735,0.91363351777586,0.781465440673748
Model B (Attention U-Net),195,0.8698020119177292,0.9303668420060655,0.7983461313210144
Model B (Attention U-Net),196,0.8885251163537153,0.9409715140390237,0.8453203664349035
Model B (Attention U-Net),197,0.8520633425560723,0.9201220578185344,0.7853313471174771
Model B (Attention U-Net),198,0.8179426466719284,0.8998538329064096,0.6634383881095144
Model B (Attention U-Net),199,0.9755713604454996,0.9876346137374147,0.5442619542145191
Model B (Attention U-Net),200,0.9733953135570634,0.9865182838146686,0.42022698574446915
Model B (Attention U-Net),201,0.9910419724097447,0.9955008255365988,0.4683561821187605
Model B (Attention U-Net),202,0.729875803788446,0.8438467102220852,0.6498699947694562
Model B (Attention U-Net),203,0.7728390893305036,0.8718642868803396,0.7003310711298281
Model B (Attention U-Net),204,0.5944507300253219,0.7456478252642392,0.4971796073571856
Model B (Attention U-Net),205,0.9672036823935558,0.9833283570266466,0.8565021760378903
Model B (Attention U-Net),206,0.7121284783549531,0.8318622159673166,0.5459844709361533
Model B (Attention U-Net),207,0.7748105377120174,0.873118264491204,0.604364369542267
Model B (Attention U-Net),208,1.0,1.0,1.0
Model B (Attention U-Net),209,0.5935507658273547,0.7449386857936141,0.572832423143744
Model B (Attention U-Net),210,0.7769510361757598,0.8744752398903358,0.7101875288255203
Model B (Attention U-Net),211,0.6121565048599945,0.7594234933642433,0.4246080461130306
Model B (Attention U-Net),212,0.9853546409807356,0.9926232829698729,0.6405587480694447
Model B (Attention U-Net),213,0.8885163073646528,0.9409674004001092,0.4087434517738066
Model B (Attention U-Net),214,0.9839949367666009,0.9919328880663072,0.6973870926532748
Model B (Attention U-Net),215,0.6613501094766707,0.7961590721779612,0.5372383046960164
Model B (Attention U-Net),216,0.59787152894926,0.7483337617508813,0.35004570722036954
Model B (Attention U-Net),217,0.8881428608108455,0.9407577138039355,0.7410857241793621
Model B (Attention U-Net),218,0.8618447785453068,0.9257959955703927,0.7355838052804777
Model B (Attention U-Net),219,0.9100225091813766,0.9528915559897347,0.8156220658356557
Model B (Attention U-Net),220,0.736830133745792,0.8484755884612698,0.6797303850461198
Model B (Attention U-Net),221,0.8776000615171672,0.934809763689233,0.7466501258077801
Model B (Attention U-Net),222,0.9552201921017514,0.9770971139667158,0.8943191950808356
Model B (Attention U-Net),223,0.9508627314006287,0.9748123639280394,0.8105928944264221
Model B (Attention U-Net),224,0.969236834235067,0.9843780201573934,0.9363191130891229
Model B (Attention U-Net),225,0.9756869968962124,0.9876938207270033,0.9386537253735399
Model B (Attention U-Net),226,0.9742391884676989,0.9869514443761525,0.9360729056797473
Model B (Attention U-Net),227,0.9828769973368842,0.9913645210876716,0.9516394833304894
Model B (Attention U-Net),228,0.9786834502682625,0.9892268463235179,0.9313069871816925
Model B (Attention U-Net),229,0.974098806405822,0.9868794182584213,0.8918042022282423
Model B (Attention U-Net),230,0.9822786826490383,0.9910600832718086,0.8888996209867347
Model B (Attention U-Net),231,0.9780773692843141,0.9889171465697254,0.8831889131839361
Model B (Attention U-Net),232,0.9766797162218557,0.9882022358949611,0.8608436107140043
Model B (Attention U-Net),233,0.9856947344235437,0.992795802246784,0.9052570927020941
Model B (Attention U-Net),234,0.9748363379008002,0.9872577859407586,0.8540964666109185
Model B (Attention U-Net),235,0.9689194727461614,0.9842143479523672,0.8181903835282602
Model B (Attention U-Net),236,0.9838485879992414,0.9918585050444059,0.9542015502614997
Model B (Attention U-Net),237,0.9778750303914417,0.9888137103754885,0.9240322168840088
Model B (Attention U-Net),238,0.9814552242612181,0.9906407820970208,0.9390452320384964
Model B (Attention U-Net),239,0.9777511130050576,0.988750347299006,0.8947761245386607
Model B (Attention U-Net),240,0.9685117666556181,0.9840039448917861,0.8189113268351186
Model B (Attention U-Net),241,0.9811002400688499,0.9904599133446892,0.9281722908220214
Model B (Attention U-Net),242,0.9760784189856492,0.9878943526515737,0.880549620747339
Model B (Attention U-Net),243,0.9679498186887001,0.9837138398998091,0.828549269481114
Model B (Attention U-Net),244,0.969853092707628,0.9846957838678019,0.8588823961449827
Model B (Attention U-Net),245,0.9848555651983177,0.99236996996997,0.8974359444059373
Model B (Attention U-Net),246,0.16208617703982886,0.2789540810736184,0.21011249406323368
Model B (Attention U-Net),247,0.0001816860465116279,0.0001816860465116279,0.0
Model B (Attention U-Net),248,0.5857730831685397,0.7387848418256521,0.36862008994791806
Model B (Attention U-Net),249,0.9802527767728627,0.9900279086400174,0.34118354447213295
Model B (Attention U-Net),250,0.9483046900648195,0.9734664647228596,0.12822827489699792
Model B (Attention U-Net),251,0.00013317352510320947,0.00013317352510320947,0.0
Model B (Attention U-Net),252,1.0,1.0,1.0
Model B (Attention U-Net),253,0.7986849628359063,0.8880729862038274,0.7450637464545266
Model C (Proposed),0,0.8034454361325647,0.8910102929923728,0.6720241797288413
Model C (Proposed),1,0.9241808327174181,0.9605960211904419,0.8734165863122373
Model C (Proposed),2,0.8922936702495443,0.9430806537337231,0.8564219646467697
Model C (Proposed),3,0.9058257918552036,0.9505853256389117,0.8953211013450159
Model C (Proposed),4,0.9093773352452891,0.9525376039264635,0.8045339634189173
Model C (Proposed),5,0.8899753143562447,0.9417845262148207,0.7863771749055566
Model C (Proposed),6,0.9491606198499569,0.9739170899454207,0.8734620800105237
Model C (Proposed),7,0.9468628595010744,0.9727060749815434,0.8759670215982116
Model C (Proposed),8,0.9575396825396826,0.9783091986566569,0.852933496299533
Model C (Proposed),9,0.9610148591926464,0.9801197893840946,0.9000608507004324
Model C (Proposed),10,0.9659479246476218,0.9826789481172635,0.9117630010474918
Model C (Proposed),11,0.9654452740064978,0.9824187854073729,0.8484428276315626
Model C (Proposed),12,0.9656956987124196,0.9825484266621552,0.8759440976957408
Model C (Proposed),13,0.9643423677679919,0.981847457207263,0.8420621017273405
Model C (Proposed),14,0.9726273658503494,0.9861237087698332,0.8636485877272793
Model C (Proposed),15,0.9809123878602787,0.9903641916604173,0.908182255660599
Model C (Proposed),16,0.9838942385630451,0.9918817107650068,0.9345287639514928
Model C (Proposed),17,0.9869767615422649,0.9934456862896998,0.5431579424158789
Model C (Proposed),18,1.0,1.0,1.0
Model C (Proposed),19,1.0,1.0,1.0
Model C (Proposed),20,0.9349171467601116,0.9663639070418472,0.5089523322389083
Model C (Proposed),21,0.8849929157678414,0.938987848356701,0.3296336348305541
Model C (Proposed),22,1.0,1.0,1.0
Model C (Proposed),23,0.9449957346904552,0.9717200040485678,0.6510966584755999
Model C (Proposed),24,0.9651213028800738,0.9822510564403736,0.7403483938101478
Model C (Proposed),25,1.0,1.0,1.0
Model C (Proposed),26,0.9223853693341846,0.9596257154577953,0.6744698851499351
Model C (Proposed),27,0.8684393494887144,0.9295876274624589,0.712665463334839
Model C (Proposed),28,0.8936713369745903,0.9438487584650113,0.9605013880129537
Model C (Proposed),29,0.9046185309322274,0.9499194654894708,0.9560644994586104
Model C (Proposed),30,0.8896567984556667,0.9416062947915124,0.7425824461996293
Model C (Proposed),31,1.0,1.0,1.0
Model C (Proposed),32,0.74800036774846,0.8558278981695772,0.6877322165412438
Model C (Proposed),33,0.726354015355883,0.8414871622271373,0.5061328168461109
Model C (Proposed),34,0.820796781854311,0.9015784710391823,0.798091821837359
Model C (Proposed),35,0.7873245719383728,0.8810067771228905,0.7399317745544597
Model C (Proposed),36,0.8136039577886044,0.8972223374683649,0.5544954214405837
Model C (Proposed),37,0.812421034899065,0.8965020448630562,0.7433068901703059
Model C (Proposed),38,0.9034508717921143,0.9492764370616776,0.6518376646873503
Model C (Proposed),39,0.9299136517220258,0.9636838333162691,0.8949240522437071
Model C (Proposed),40,0.9386583761807964,0.9683583992105019,0.9077182899513501
Model C (Proposed),41,0.9401304208673388,0.9691411485720177,0.9140877357156312
Model C (Proposed),42,0.9421073629150228,0.9701904751035687,0.9168033340323324
Model C (Proposed),43,0.949741929839909,0.9742229301506466,0.9364289268806093
Model C (Proposed),44,0.9555909187354127,0.9772909749799276,0.9512370081001623
Model C (Proposed),45,0.9625179733385324,0.9809008158754207,0.9367091723710722
Model C (Proposed),46,0.97221583799382,0.9859120278651802,0.9577764615168859
Model C (Proposed),47,0.9328166185515251,0.9652401207909861,0.9375970174741053
Model C (Proposed),48,0.8789158903439536,0.9355556344444839,0.8604408190450714
Model C (Proposed),49,0.9434916988047373,0.9709239321652241,0.9233920517559414
Model C (Proposed),50,0.9586752976534505,0.9789015009934492,0.9501292818164622
Model C (Proposed),51,0.7667244683763804,0.867954745053469,0.8521035022687351
Model C (Proposed),52,0.9417461482024945,0.9699981107122615,0.938404358077895
Model C (Proposed),53,0.8022440392706872,0.8902439024390244,0.9275206776802458
Model C (Proposed),54,1.0,1.0,1.0
Model C (Proposed),55,0.9283224176753649,0.9628288264792005,0.8225460054142316
Model C (Proposed),56,0.9791181473243491,0.9894488407607941,0.9319912137268311
Model C (Proposed),57,1.0,1.0,1.0
Model C (Proposed),58,1.0,1.0,1.0
Model C (Proposed),59,1.0,1.0,1.0
Model C (Proposed),60,1.0,1.0,1.0
Model C (Proposed),61,1.0,1.0,1.0
Model C (Proposed),62,1.0,1.0,1.0
Model C (Proposed),63,1.0,1.0,1.0
Model C (Proposed),64,1.0,1.0,1.0
Model C (Proposed),65,1.0,1.0,1.0
Model C (Proposed),66,1.0,1.0,1.0
Model C (Proposed),67,1.0,1.0,1.0
Model C (Proposed),68,1.0,1.0,1.0
Model C (Proposed),69,1.0,1.0,1.0
Model C (Proposed),70,1.0,1.0,1.0
Model C (Proposed),71,1.0,1.0,1.0
Model C (Proposed),72,1.0,1.0,1.0
Model C (Proposed),73,1.0,1.0,1.0
Model C (Proposed),74,1.0,1.0,1.0
Model C (Proposed),75,1.0,1.0,1.0
Model C (Proposed),76,1.0,1.0,1.0
Model C (Proposed),77,1.0,1.0,1.0
Model C (Proposed),78,1.0,1.0,1.0
Model C (Proposed),79,1.0,1.0,1.0
Model C (Proposed),80,1.0,1.0,1.0
Model C (Proposed),81,1.0,1.0,1.0
Model C (Proposed),82,1.0,1.0,1.0
Model C (Proposed),83,1.0,1.0,1.0
Model C (Proposed),84,1.0,1.0,1.0
Model C (Proposed),85,1.0,1.0,1.0
Model C (Proposed),86,1.0,1.0,1.0
Model C (Proposed),87,1.0,1.0,1.0
Model C (Proposed),88,1.0,1.0,1.0
Model C (Proposed),89,1.0,1.0,1.0
Model C (Proposed),90,1.0,1.0,1.0
Model C (Proposed),91,0.812411065885701,0.8964971060271322,0.42805952890888427
Model C (Proposed),92,0.7968977787531547,0.8869701384466409,0.4188078413582655
Model C (Proposed),93,0.8554692807920024,0.9221051640441915,0.5054973645888259
Model C (Proposed),94,0.9143580687490036,0.9552632253270298,0.5432127504652109
Model C (Proposed),95,0.9140972991764987,0.9551209101822238,0.5008208363152509
Model C (Proposed),96,1.0,1.0,1.0
Model C (Proposed),97,0.9941444620343703,0.9970636283988262,0.0
Model C (Proposed),98,0.9798882459384756,0.9898419547156471,0.3626887854252919
Model C (Proposed),99,0.994815846191993,0.9974011818025357,0.0
Model C (Proposed),100,0.9833564758300781,0.9916083889183803,0.01892611495160919
Model C (Proposed),101,1.0,1.0,1.0
Model C (Proposed),102,0.8217759115749174,0.9021697221857377,0.07801405758904899
Model C (Proposed),103,0.9758078000250805,0.9877557280978272,0.5689801607127779
Model C (Proposed),104,0.9784095767421975,0.9890869210530581,0.765482016742367
Model C (Proposed),105,0.9750555033728973,0.9873701618046024,0.7319859699722299
Model C (Proposed),106,0.8957877721783779,0.9450290403153808,0.7906214205667607
Model C (Proposed),107,0.9453865748384358,0.9719266127345637,0.5375967341936212
Model C (Proposed),108,0.9921318330628078,0.996050369299677,0.5858412910910712
Model C (Proposed),109,0.991064936885167,0.9955124101657109,0.5623907741196226
Model C (Proposed),110,0.9936041391921329,0.9967918032475067,0.5915543061654256
Model C (Proposed),111,0.9866258348739648,0.9932678856151455,0.7057844096525834
Model C (Proposed),112,0.9860016637366871,0.9929514836755454,0.49862363862951353
Model C (Proposed),113,0.9927358973935176,0.9963547012534603,0.6842974562153927
Model C (Proposed),114,0.8535773398707098,0.9210051016625894,0.14643557667505427
Model C (Proposed),115,0.9857211603530986,0.9928092151101148,0.6548629810587844
Model C (Proposed),116,0.9922374625869382,0.9961035872936955,0.8295426647422492
Model C (Proposed),117,0.9530270005782661,0.9759483436015989,0.7451938829250799
Model C (Proposed),118,0.744947300398868,0.8538317136399045,0.4698382995635101
Model C (Proposed),119,0.9464440541561993,0.9724849232456141,0.6669798978855311
Model C (Proposed),120,0.9057568378425648,0.9505478214215118,0.7055682086439219
Model C (Proposed),121,0.9351595201490276,0.966493276039039,0.512255161292339
Model C (Proposed),122,0.9545863176820821,0.9767654909293804,0.5539550501900714
Model C (Proposed),123,0.910088569056186,0.9529279646434459,0.47526749536721485
Model C (Proposed),124,0.9248584629818846,0.9609624347315145,0.4515868766172415
Model C (Proposed),125,0.9621689171643729,0.9807197092930284,0.5892176204380226
Model C (Proposed),126,0.0005861664712778429,0.0005861664712778429,0.0
Model C (Proposed),127,0.9864636138924966,0.993185671984275,0.45787779153264574
Model C (Proposed),128,0.9891776556072431,0.9945593771984754,0.45706950550345576
Model C (Proposed),129,0.9891701157756204,0.9945555662096078,0.0
Model C (Proposed),130,0.9934082282706136,0.9966932090224874,0.0
Model C (Proposed),131,0.9942893981933594,0.9971365175309398,0.03035883126873517
Model C (Proposed),132,0.9924278259277344,0.9961995167546746,0.02235469212953278
Model C (Proposed),133,0.9930496480955197,0.9965126984096603,0.0
Model C (Proposed),134,0.9856300902172462,0.9927630340312225,0.0
Model C (Proposed),135,0.9937095882050011,0.9968448645339048,0.0
Model C (Proposed),136,0.9911194186423544,0.9955398966589458,0.0
Model C (Proposed),137,0.9817429285319194,0.990787348677486,0.0
Model C (Proposed),138,0.9940355768521358,0.997008862413513,0.7475624854279258
Model C (Proposed),139,0.8395653754413221,0.9127864326028992,0.6526748297440039
Model C (Proposed),140,0.87025767827971,0.9306284553167347,0.6002166826289901
Model C (Proposed),141,0.9919206640897281,0.9959439388727729,0.5292494090742418
Model C (Proposed),142,1.0,1.0,1.0
Model C (Proposed),143,0.9413679292721504,0.9697984364698126,0.7700675345414298
Model C (Proposed),144,0.9273931620021775,0.9623288158925308,0.7032633144883096
Model C (Proposed),145,0.87709896751448,0.9345257260609183,0.6240856469066868
Model C (Proposed),146,0.8978536026696681,0.9461776563922487,0.6598444664871376
Model C (Proposed),147,0.8548095897888063,0.9217217591099189,0.552700223557863
Model C (Proposed),148,0.928904076012515,0.963141528755737,0.7536743773554108
Model C (Proposed),149,0.9480409214280743,0.9733273314470262,0.8288914179694211
Model C (Proposed),150,0.9326470873853752,0.9651496662120451,0.7719948591632978
Model C (Proposed),151,0.9095464990976722,0.9526305769727628,0.6742342598959427
Model C (Proposed),152,0.7287553098384102,0.8430963376386043,0.5595833545696433
Model C (Proposed),153,0.5735705096925875,0.7290026123400176,0.4431765169597367
Model C (Proposed),154,0.7879917956367705,0.8814253981165723,0.5146844573681875
Model C (Proposed),155,0.8695617719312149,0.930229847298314,0.6715471071102701
Model C (Proposed),156,0.8710687992759802,0.9310918976238425,0.47225309067356125
Model C (Proposed),157,0.9718443250515583,0.9857210830610119,0.821946492761165
Model C (Proposed),158,0.9392878257310473,0.9686934253848246,0.6766912921754584
Model C (Proposed),159,0.9515105961721786,0.9751527705365405,0.7464283200447325
Model C (Proposed),160,0.9669257332373603,0.9831847133757962,0.8246753388249675
Model C (Proposed),161,0.9652545638672557,0.9823200539929225,0.8048461508540236
Model C (Proposed),162,1.0,1.0,1.0
Model C (Proposed),163,0.9712418410604939,0.9854110839918756,0.8038426799345514
Model C (Proposed),164,0.9633508290986895,0.981333276574007,0.7388058338556888
Model C (Proposed),165,0.9643811145614211,0.9818675528207917,0.7996017455217019
Model C (Proposed),166,0.9809151266200093,0.9903655882061937,0.8954707188694855
Model C (Proposed),167,1.0,1.0,1.0
Model C (Proposed),168,0.9484044580290409,0.9735189746087123,0.5985333380745445
Model C (Proposed),169,1.0,1.0,1.0
Model C (Proposed),170,0.9785460980407363,0.9891566951973032,0.6949907530168192
Model C (Proposed),171,0.9732598871567238,0.9864487168628779,0.6354021645205646
Model C (Proposed),172,0.980453972257251,0.9901304903336615,0.8190116179288369
Model C (Proposed),173,1.0,1.0,1.0
Model C (Proposed),174,0.9718916294550171,0.985745432869088,0.6182842613488141
Model C (Proposed),175,0.975981924941897,0.9878449527067095,0.6898765570377006
Model C (Proposed),176,0.9807847790934223,0.9902991559903617,0.7283707542926537
Model C (Proposed),177,0.9920551842606758,0.9960117402151774,0.5928334885020794
Model C (Proposed),178,0.9341085896897898,0.9659317550257441,0.6203800215484849
Model C (Proposed),179,0.9469905064816153,0.9727735127531342,0.6276710531975767
Model C (Proposed),180,0.9301107961051576,0.9637899078176976,0.5175703514264481
Model C (Proposed),181,0.9525826717733523,0.9757154858126239,0.6524701092192111
Model C (Proposed),182,0.9427178738861809,0.970514321329972,0.6290373079951807
Model C (Proposed),183,0.9518268414452726,0.9753188398857124,0.6678187932533822
Model C (Proposed),184,0.953718805064951,0.9763111308739754,0.6568812335661103
Model C (Proposed),185,1.0,1.0,1.0
Model C (Proposed),186,0.954006303915063,0.976461748749862,0.7482554785290718
Model C (Proposed),187,0.7959390862944162,0.8863758077760719,0.4357655786186462
Model C (Proposed),188,0.876038020142972,0.9339231256982397,0.5273573605295254
Model C (Proposed),189,0.9325125628140704,0.9650776521676949,0.7975670102981783
Model C (Proposed),190,1.0,1.0,1.0
Model C (Proposed),191,0.8770155005809176,0.9344777088334315,0.8055640318717229
Model C (Proposed),192,0.8613939393939394,0.9255352055352055,0.7927944776078715
Model C (Proposed),193,0.8509656875874178,0.9194816470247761,0.7769735733462959
Model C (Proposed),194,0.8262008476571697,0.9048286754988234,0.7180504906944786
Model C (Proposed),195,0.8447723492083051,0.9158539843697816,0.7412757743835685
Model C (Proposed),196,0.9018271150007677,0.9483788671446102,0.8532584173248942
Model C (Proposed),197,0.8312505172556485,0.9078487496233806,0.7049181047967701
Model C (Proposed),198,0.8058102835557543,0.8924624637022969,0.6170071317916522
Model C (Proposed),199,0.9704173701042023,0.9849865785189,0.41861116968749584
Model C (Proposed),200,0.9663771478581206,0.9829010730818694,0.2742113443148604
Model C (Proposed),201,0.9904103644686998,0.9951820717287976,0.4792796397794237
Model C (Proposed),202,0.7168155695660402,0.8350515463917526,0.6377135387223014
Model C (Proposed),203,0.6261878602131884,0.7701270684178085,0.5562296076433001
Model C (Proposed),204,0.6375524990545194,0.7786637655967958,0.503677648477193
Model C (Proposed),205,0.966052503241308,0.9827330643063278,0.8418888624856473
Model C (Proposed),206,0.7806369426751593,0.8768056088503288,0.5904354034507157
Model C (Proposed),207,0.6865260916832759,0.814129164820112,0.5172832301116526
Model C (Proposed),208,1.0,1.0,1.0
Model C (Proposed),209,0.7287457599632418,0.8430906575151852,0.6162406828975899
Model C (Proposed),210,0.7164003364171573,0.8347690588892482,0.6073725582635962
Model C (Proposed),211,0.6556074548812092,0.7919822285542891,0.4962482776652261
Model C (Proposed),212,0.9826303000518744,0.9912390384700128,0.5917113868337143
Model C (Proposed),213,0.9779349507219545,0.9888443691032688,0.5789201749580667
Model C (Proposed),214,0.9817644187656788,0.9907982839501223,0.6567644307087328
Model C (Proposed),215,0.632014034223809,0.7745194918834107,0.4954267506799786
Model C (Proposed),216,0.7856603115554522,0.879965495166068,0.4429721609296746
Model C (Proposed),217,0.878859916921075,0.9355242566510172,0.7028239002980595
Model C (Proposed),218,0.8810619832287574,0.9367703218767048,0.7625215611301912
Model C (Proposed),219,0.9031193029298192,0.9490933502293024,0.784539192493748
Model C (Proposed),220,0.6613571439254573,0.7961630911333375,0.5943918490011516
Model C (Proposed),221,0.897149118663921,0.9457860720794288,0.8033041860653525
Model C (Proposed),222,0.9453175631885936,0.9718899920042644,0.8653468826829378
Model C (Proposed),223,0.9512506062495669,0.9750161564082351,0.8163396000546429
Model C (Proposed),224,0.9499714312289886,0.9743437729986099,0.8546182781494482
Model C (Proposed),225,0.9649701754604436,0.9821727337254107,0.8947627663408549
Model C (Proposed),226,0.9668545389135388,0.9831478828155962,0.8983847901953999
Model C (Proposed),227,0.9762451156732618,0.987979725594606,0.9351375162496967
Model C (Proposed),228,0.973408607429226,0.986525076314712,0.9037596153014772
Model C (Proposed),229,0.9691757054192858,0.9843465213932553,0.8630158426814563
Model C (Proposed),230,0.9756591490580763,0.9876795687849075,0.8666530164808651
Model C (Proposed),231,0.9803472125331367,0.9900760400783046,0.8918545648208253
Model C (Proposed),232,0.9739634224577819,0.9868099340496702,0.8441480178444832
Model C (Proposed),233,0.9805931893079458,0.990201467031759,0.8955350547688289
Model C (Proposed),234,0.9614453866109111,0.9803436772079435,0.7945006324505117
Model C (Proposed),235,0.970421631011499,0.9849887403574338,0.8449722439310523
Model C (Proposed),236,0.9816271663971587,0.9907283640969416,0.9511476616778889
Model C (Proposed),237,0.974016846882122,0.9868373538402071,0.9097563652624491
Model C (Proposed),238,0.983249581239531,0.9915540108211037,0.9553380238894569
Model C (Proposed),239,0.9784546557307722,0.9891099523560416,0.9040339134732571
Model C (Proposed),240,0.9700540298753428,0.9847993260078513,0.836337353864694
Model C (Proposed),241,0.9721818628875427,0.9858946604857813,0.8986561455801803
Model C (Proposed),242,0.9660904116998481,0.982752691585324,0.845120670759424
Model C (Proposed),243,0.9625979708370548,0.980942495116738,0.8204902156607256
Model C (Proposed),244,0.9604390267592637,0.9798202501040448,0.8189856872364408
Model C (Proposed),245,0.9789230492458315,0.9893492313360351,0.8701527366845238
Model C (Proposed),246,0.19260470470776409,0.3229955066545933,0.3599652904914105
Model C (Proposed),247,1.0,1.0,1.0
Model C (Proposed),248,0.0007505144655610701,0.0014958772654879745,0.03270844615563504
Model C (Proposed),249,0.9729244652149517,0.9862764195967664,0.276074757624887
Model C (Proposed),250,0.957561807917368,0.9783208506306998,0.06182771874481499
Model C (Proposed),251,0.011450878334417696,0.02251672671127123,0.053028219515859475
Model C (Proposed),252,0.0003059039461609055,0.0003059039461609055,0.0
Model C (Proposed),253,0.7508970382533601,0.8577234360345966,0.684582576531986
